
<hibernate-configuration>
  <session-factory>
    <property name="connection.driver_class">com.mysql.cj.jdbc.Driver</property>
    <!-- property name="connection.driver_class">com.mysql.jdbc.Driver</property -->
    <property name="connection.url">jdbc:mysql://localhost:3306/csec</property>
    <property name="dialect">org.hibernate.dialect.MySQLDialect</property>
    <property name="connection.username">root</property>
    <property name="connection.password">Swetha*sri7</property>
    <property name="connection.pool_size">3</property>
    <!--property name="dialect">org.hibernate.dialect.MySQLDialect</property-->
    <property name="current_session_context_class">thread</property>
    <property name="show_sql">true</property>
    <property name="format_sql">true</property>
    <property name="hbm2ddl.auto">update</property>
    <mapping class="cse.hibernate.StudentInfo" />
  </session-factory>
</hibernate-configuration>

